"1682955600","general","morgan.lee","Welcome everyone to our new Slack workspace! We'll be using this for all internal communications going forward."
"1682955660","general","taylor.kim","Thanks Morgan! I'm excited to start using this for our team communication."
"1682955900","engineering","jordan.smith","Hey team, I've pushed the latest code changes to the repository. Please review when you get a chance."
"1682955960","engineering","morgan.lee","I'll take a look at it this afternoon. Are there any specific areas you want me to focus on?"
"1682956020","engineering","jordan.smith","The authentication service changes would be great to review first. I made significant changes to how we handle token refresh."
"1682956300","engineering","jordan.smith","Here are my notes on the authentication service changes: https://example.com/files/auth_notes.md"
"1682956500","design","alex.johnson","I've uploaded the new wireframes for the dashboard redesign. Let me know what you think! https://example.com/files/wireframes.fig"
"1682956560","design","taylor.kim","These look great! I especially like the new navigation layout. Can we discuss the user flow during tomorrow's meeting?"
"1682956620","design","alex.johnson","Absolutely! I'll prepare some additional mockups focusing on the user journey."
"1683041400","product","taylor.kim","Team, our Q2 roadmap is now finalized. https://example.com/files/roadmap.pdf"
"1683041460","product","morgan.lee","Thanks for sharing, Taylor. I'll discuss resource allocation with the engineering team to make sure we can meet these deadlines."
"1683041520","product","jordan.smith","I've identified some potential technical challenges with the Q3 features. Can we schedule a meeting to discuss them?"
"1683041580","product","taylor.kim","Good call, Jordan. Let's meet tomorrow at 10am to go through these challenges in detail."
"1683127800","aws-integration","morgan.lee","Let's use this private channel to test our AWS Q Business integration. I've added everyone who's involved in the project."
"1683127860","aws-integration","jordan.smith","I've reviewed the AWS Q Business documentation. We'll need to make sure our test data follows their API schema."
"1683127920","aws-integration","taylor.kim","I'll create some test scenarios based on their examples. Let's make sure we cover authentication, message retrieval, and user management."
"1683127980","aws-integration","alex.johnson","I can help with designing test interfaces if needed. Just let me know what you're looking for."
"1683130800","general","morgan.lee","Just a reminder that our all-hands meeting is scheduled for tomorrow at 9am PT. Please submit any agenda items by EOD today."
"1683131100","general","alex.johnson","Will this meeting be recorded for those who can't attend live?"
"1683131220","general","morgan.lee","Yes, we'll record it and share the link afterward in this channel."
"1683214200","engineering","jordan.smith","The CI pipeline is failing on the main branch. I'm investigating the issue and will update once I have more information."
"1683214500","engineering","morgan.lee","Thanks for flagging this, Jordan. Let me know if you need any help troubleshooting."
"1683214800","engineering","jordan.smith","Found the issue! There was a missing dependency in the deployment script. Fix is being pushed now."
"1683216000","product","taylor.kim","We've received some great feedback from the beta testers on the new feature. I'll compile a summary and share it with everyone by EOD."
"1683216300","product","alex.johnson","That's great to hear! I'm particularly interested in their thoughts on the UX improvements we made."
"1683216600","product","taylor.kim","The UX feedback has been overwhelmingly positive. Users especially like the new dashboard layout and simplified navigation."
"1683300000","aws-integration","morgan.lee","I've scheduled a meeting with the AWS team for next week to discuss our integration progress and any challenges we're facing."
"1683300300","aws-integration","jordan.smith","Perfect timing. By then, I should have a working prototype of the connector to demo."
"1683300600","aws-integration","taylor.kim","That would be great, Jordan. If you need any product requirements clarified before then, just let me know."
"1683387000","general","morgan.lee","Don't forget we have our monthly team building event next Friday!"
"1683387300","general","taylor.kim","Looking forward to it! What's the theme this time?"
"1683387600","general","morgan.lee","We're doing a virtual escape room challenge. Should be fun!"
"1683387900","engineering","jordan.smith","I've deployed the new authentication service to the staging environment. Please test when you have a chance and let me know if you encounter any issues."
"1683388200","engineering","morgan.lee","Will do. I'll run through the test cases this afternoon."
"1683388500","engineering","alex.johnson","I noticed the login UI looks different with this update. Was that intentional or should I file a bug?"
"1683388800","engineering","jordan.smith","That was intentional - we updated the UI to match the new design system. But let me know if anything looks off!"
"1683389100","product","taylor.kim","Just a reminder that our quarterly planning session is scheduled for next Monday. Please come prepared with your team's priorities."
"1683389400","product","morgan.lee","Thanks for the reminder. Engineering will have our roadmap items finalized by Friday."
"1683389700","product","alex.johnson","The design team will share our proposed projects tomorrow for everyone to review before the meeting."